Master_Index,Clinician
ID_CUAOY,"Summary: Clinical case as described
ASSESSMENT: Further evaluation needed
MANAGEMENT: Appropriate clinical management as indicated Continue supportive care and monitor patient progress."
ID_OGSAY,"Summary: Clinical case as described
IMMEDIATE MANAGEMENT: Appropriate clinical management as indicated
SURGICAL PLAN: Surgical consultation as needed Continue supportive care and monitor patient progress."
ID_TYHSA,"Summary: Clinical case as described
DIAGNOSIS: Further evaluation needed
MANAGEMENT: Appropriate clinical management as indicated Continue supportive care and monitor patient progress."
ID_CZXLD,"Summary: Clinical case as described
ASSESSMENT: Further evaluation needed
MANAGEMENT: Appropriate clinical management as indicated Continue supportive care and monitor patient progress."
ID_ZJQUQ,"Summary: Clinical case as described
ASSESSMENT: Further evaluation needed
MANAGEMENT: Appropriate clinical management as indicated Continue supportive care and monitor patient progress."
ID_HYSCV,"Summary: Clinical case as described
IMMEDIATE MANAGEMENT: Appropriate clinical management as indicated
SURGICAL PLAN: Surgical consultation as needed Continue supportive care and monitor patient progress."
ID_DXHPF,"Summary: Clinical case as described
IMMEDIATE MANAGEMENT: Appropriate clinical management as indicated
SURGICAL PLAN: Surgical consultation as needed Continue supportive care and monitor patient progress."
ID_GDFDN,"Summary: Clinical case as described
DIAGNOSIS: Further evaluation needed
PLAN: Appropriate clinical management as indicated Continue supportive care and monitor patient progress."
ID_UFAFI,"Summary: Clinical case as described
DIAGNOSIS: Further evaluation needed
MANAGEMENT: Appropriate clinical management as indicated Continue supportive care and monitor patient progress."
ID_KMBGG,"Summary: Clinical case as described
IMMEDIATE MANAGEMENT: Immediate medical attention required
SURGICAL PLAN: Surgical consultation as needed Continue supportive care and monitor patient progress."
ID_GCHQJ,"Summary: Clinical case as described
DIAGNOSIS: Further evaluation needed
MANAGEMENT: Immediate medical attention required Continue supportive care and monitor patient progress."
ID_FBVXH,"Summary: Clinical case as described
IMMEDIATE MANAGEMENT: Appropriate clinical management as indicated
SURGICAL PLAN: Surgical consultation as needed Continue supportive care and monitor patient progress."
ID_GFQXW,"Summary: Clinical case as described
DIAGNOSIS: Further evaluation needed
PLAN: Appropriate clinical management as indicated Continue supportive care and monitor patient progress."
ID_KQFSM,"Summary: Clinical case as described
DIAGNOSIS: Further evaluation needed
PLAN: Appropriate clinical management as indicated Continue supportive care and monitor patient progress."
ID_OTEWX,"Summary: Clinical case as described
IMMEDIATE ACTIONS: Appropriate clinical management as indicated
MONITORING: Continue monitoring patient status Continue supportive care and monitor patient progress."
ID_KTTZQ,"Summary: Clinical case as described
DIAGNOSIS: Further evaluation needed
PLAN: Appropriate clinical management as indicated Continue supportive care and monitor patient progress."
ID_DFFBJ,"Summary: Clinical case as described
IMMEDIATE ACTIONS: Immediate medical attention required
MONITORING: Continue monitoring patient status Continue supportive care and monitor patient progress."
ID_ZQLND,"Summary: Clinical case as described
DIAGNOSIS: Further evaluation needed
PLAN: Appropriate clinical management as indicated Continue supportive care and monitor patient progress."
ID_LXBDD,"Summary: Clinical case as described
IMMEDIATE MANAGEMENT: Appropriate clinical management as indicated
SURGICAL PLAN: Surgical consultation as needed Continue supportive care and monitor patient progress."
ID_PWETS,"Summary: Clinical case as described
DIAGNOSIS: Further evaluation needed
PLAN: Appropriate clinical management as indicated Continue supportive care and monitor patient progress."
ID_VJVBS,"Summary: Clinical case as described
IMMEDIATE MANAGEMENT: Appropriate clinical management as indicated
SURGICAL PLAN: Surgical consultation as needed Continue supportive care and monitor patient progress."
ID_OZCVT,"Summary: Clinical case as described
DIAGNOSIS: Further evaluation needed
MANAGEMENT: Appropriate clinical management as indicated Continue supportive care and monitor patient progress."
ID_HBKUL,"Summary: Clinical case as described
DIAGNOSIS: Further evaluation needed
MANAGEMENT: Appropriate clinical management as indicated Continue supportive care and monitor patient progress."
ID_ZVYUH,"Summary: Clinical case as described
IMMEDIATE MANAGEMENT: Appropriate clinical management as indicated
SURGICAL PLAN: Surgical consultation as needed Continue supportive care and monitor patient progress."
ID_SHIKK,"Summary: Clinical case as described
DIAGNOSIS: Further evaluation needed
MANAGEMENT: Immediate medical attention required Continue supportive care and monitor patient progress."
ID_BZMKN,"Summary: Clinical case as described
DIAGNOSIS: Further evaluation needed
MANAGEMENT: Appropriate clinical management as indicated Continue supportive care and monitor patient progress."
ID_GWZRC,"Summary: Clinical case as described
DIAGNOSIS: Further evaluation needed
MANAGEMENT: Appropriate clinical management as indicated Continue supportive care and monitor patient progress."
ID_BMKRM,"Summary: Clinical case as described
IMMEDIATE MANAGEMENT: Appropriate clinical management as indicated
SURGICAL PLAN: Surgical consultation as needed Continue supportive care and monitor patient progress."
ID_QDMBJ,"Summary: Clinical case as described
ASSESSMENT: Further evaluation needed
MANAGEMENT: Appropriate clinical management as indicated Continue supportive care and monitor patient progress."
ID_LWSTJ,"Summary: Clinical case as described
DIAGNOSIS: Further evaluation needed
MANAGEMENT: Appropriate clinical management as indicated Continue supportive care and monitor patient progress."
ID_APFPK,"Summary: Clinical case as described
ASSESSMENT: Pediatric assessment required
MANAGEMENT: Appropriate clinical management as indicated Continue supportive care and monitor patient progress."
ID_NTHZR,"Summary: Clinical case as described
IMMEDIATE ACTIONS: Appropriate clinical management as indicated
MONITORING: Continue monitoring patient status Continue supportive care and monitor patient progress."
ID_UAHZM,"Summary: Clinical case as described
DIAGNOSIS: Further evaluation needed
PLAN: Appropriate clinical management as indicated Continue supportive care and monitor patient progress."
ID_UHJDN,"Summary: Clinical case as described
ASSESSMENT: Further evaluation needed
MANAGEMENT: Appropriate clinical management as indicated Continue supportive care and monitor patient progress."
ID_FNAFQ,"Summary: Clinical case as described
DIAGNOSIS: Further evaluation needed
MANAGEMENT: Appropriate clinical management as indicated Continue supportive care and monitor patient progress."
ID_WRMNW,"Summary: Clinical case as described
IMMEDIATE MANAGEMENT: Appropriate clinical management as indicated
SURGICAL PLAN: Surgical consultation as needed Continue supportive care and monitor patient progress."
ID_OMWIY,"Summary: Clinical case as described
DIAGNOSIS: Further evaluation needed
PLAN: Appropriate clinical management as indicated Continue supportive care and monitor patient progress."
ID_ZNYCZ,"Summary: Clinical case as described
ASSESSMENT: Further evaluation needed
MANAGEMENT: Appropriate clinical management as indicated Continue supportive care and monitor patient progress."
ID_NCNYB,"Summary: Clinical case as described
IMMEDIATE MANAGEMENT: Immediate medical attention required
SURGICAL PLAN: Surgical consultation as needed Continue supportive care and monitor patient progress."
ID_WKQEY,"Summary: Clinical case as described
DIAGNOSIS: Further evaluation needed
MANAGEMENT: Immediate medical attention required Continue supportive care and monitor patient progress."
ID_VLNLB,"Summary: Clinical case as described
ASSESSMENT: Pediatric assessment required
MANAGEMENT: Appropriate clinical management as indicated Continue supportive care and monitor patient progress."
ID_DGSSB,"Summary: Clinical case as described
IMMEDIATE MANAGEMENT: Appropriate clinical management as indicated
SURGICAL PLAN: Surgical consultation as needed Continue supportive care and monitor patient progress."
ID_JADVZ,"Summary: Clinical case as described
DIAGNOSIS: Further evaluation needed
MANAGEMENT: Immediate medical attention required Continue supportive care and monitor patient progress."
ID_ILPTC,"Summary: Clinical case as described
DIAGNOSIS: Further evaluation needed
MANAGEMENT: Appropriate clinical management as indicated Continue supportive care and monitor patient progress."
ID_BGRFD,"Summary: Clinical case as described
DIAGNOSIS: Further evaluation needed
MANAGEMENT: Appropriate clinical management as indicated Continue supportive care and monitor patient progress."
ID_HDKYR,"Summary: Clinical case as described
ASSESSMENT: Further evaluation needed
MANAGEMENT: Appropriate clinical management as indicated Continue supportive care and monitor patient progress."
ID_QAHFT,"Summary: Clinical case as described
DIAGNOSIS: Further evaluation needed
PLAN: Appropriate clinical management as indicated Continue supportive care and monitor patient progress."
ID_PESEJ,"Summary: Clinical case as described
ASSESSMENT: Further evaluation needed
MANAGEMENT: Immediate medical attention required Continue supportive care and monitor patient progress."
ID_OFDGY,"Summary: Clinical case as described
IMMEDIATE MANAGEMENT: Appropriate clinical management as indicated
SURGICAL PLAN: Surgical consultation as needed Continue supportive care and monitor patient progress."
ID_WGNEX,"Summary: Clinical case as described
IMMEDIATE MANAGEMENT: Appropriate clinical management as indicated
SURGICAL PLAN: Surgical consultation as needed Continue supportive care and monitor patient progress."
ID_SIPNK,"Summary: Clinical case as described
DIAGNOSIS: Further evaluation needed
MANAGEMENT: Appropriate clinical management as indicated Continue supportive care and monitor patient progress."
ID_MXHUP,"Summary: Clinical case as described
DIAGNOSIS: Further evaluation needed
MANAGEMENT: Appropriate clinical management as indicated Continue supportive care and monitor patient progress."
ID_KBQBD,"Summary: Clinical case as described
DIAGNOSIS: Further evaluation needed
PLAN: Appropriate clinical management as indicated Continue supportive care and monitor patient progress."
ID_AYZDZ,"Summary: Clinical case as described
DIAGNOSIS: Further evaluation needed
PLAN: Appropriate clinical management as indicated Continue supportive care and monitor patient progress."
ID_GAWOX,"Summary: Clinical case as described
ASSESSMENT: Further evaluation needed
MANAGEMENT: Appropriate clinical management as indicated Continue supportive care and monitor patient progress."
ID_DCOHP,"Summary: Clinical case as described
DIAGNOSIS: Further evaluation needed
MANAGEMENT: Appropriate clinical management as indicated Continue supportive care and monitor patient progress."
ID_RWISH,"Summary: Clinical case as described
DIAGNOSIS: Further evaluation needed
MANAGEMENT: Appropriate clinical management as indicated Continue supportive care and monitor patient progress."
ID_CQUKB,"Summary: Clinical case as described
IMMEDIATE MANAGEMENT: Appropriate clinical management as indicated
SURGICAL PLAN: Surgical consultation as needed Continue supportive care and monitor patient progress."
ID_FFWID,"Summary: Clinical case as described
DIAGNOSIS: Further evaluation needed
MANAGEMENT: Appropriate clinical management as indicated Continue supportive care and monitor patient progress."
ID_XQHOA,"Summary: Clinical case as described
DIAGNOSIS: Further evaluation needed
PLAN: Appropriate clinical management as indicated Continue supportive care and monitor patient progress."
ID_PJSQE,"Summary: Clinical case as described
IMMEDIATE MANAGEMENT: Appropriate clinical management as indicated
SURGICAL PLAN: Surgical consultation as needed Continue supportive care and monitor patient progress."
ID_EFYMF,"Summary: Clinical case as described
DIAGNOSIS: Further evaluation needed
MANAGEMENT: Appropriate clinical management as indicated Continue supportive care and monitor patient progress."
ID_QMQHY,"Summary: Clinical case as described
DIAGNOSIS: Further evaluation needed
MANAGEMENT: Appropriate clinical management as indicated Continue supportive care and monitor patient progress."
ID_QSQZO,"Summary: Clinical case as described
ASSESSMENT: Pediatric assessment required
MANAGEMENT: Appropriate clinical management as indicated Continue supportive care and monitor patient progress."
ID_HLPRM,"Summary: Clinical case as described
DIAGNOSIS: Further evaluation needed
PLAN: Appropriate clinical management as indicated Continue supportive care and monitor patient progress."
ID_WOBZV,"Summary: Clinical case as described
DIAGNOSIS: Further evaluation needed
PLAN: Appropriate clinical management as indicated Continue supportive care and monitor patient progress."
ID_QPFCH,"Summary: Clinical case as described
DIAGNOSIS: Pediatric assessment required
MANAGEMENT: Appropriate clinical management as indicated Continue supportive care and monitor patient progress."
ID_CEPRG,"Summary: Clinical case as described
DIAGNOSIS: Pediatric assessment required
PLAN: Appropriate clinical management as indicated Continue supportive care and monitor patient progress."
ID_SKCAI,"Summary: Clinical case as described
DIAGNOSIS: Further evaluation needed
MANAGEMENT: Appropriate clinical management as indicated Continue supportive care and monitor patient progress."
ID_JENNS,"Summary: Clinical case as described
IMMEDIATE MANAGEMENT: Appropriate clinical management as indicated
SURGICAL PLAN: Surgical consultation as needed Continue supportive care and monitor patient progress."
ID_QSPEG,"Summary: Clinical case as described
IMMEDIATE MANAGEMENT: Appropriate clinical management as indicated
SURGICAL PLAN: Surgical consultation as needed Continue supportive care and monitor patient progress."
ID_ZTHIV,"Summary: Clinical case as described
IMMEDIATE MANAGEMENT: Appropriate clinical management as indicated
SURGICAL PLAN: Surgical consultation as needed Continue supportive care and monitor patient progress."
ID_HVSDS,"Summary: Clinical case as described
ASSESSMENT: Further evaluation needed
MANAGEMENT: Appropriate clinical management as indicated Continue supportive care and monitor patient progress."
ID_BFBYN,"Summary: Clinical case as described
ASSESSMENT: Further evaluation needed
MANAGEMENT: Appropriate clinical management as indicated Continue supportive care and monitor patient progress."
ID_EISIY,"Summary: Clinical case as described
DIAGNOSIS: Further evaluation needed
MANAGEMENT: Appropriate clinical management as indicated Continue supportive care and monitor patient progress."
ID_GCTMK,"Summary: Clinical case as described
IMMEDIATE MANAGEMENT: Appropriate clinical management as indicated
SURGICAL PLAN: Surgical consultation as needed Continue supportive care and monitor patient progress."
ID_NIVMV,"Summary: Clinical case as described
DIAGNOSIS: Further evaluation needed
PLAN: Appropriate clinical management as indicated Continue supportive care and monitor patient progress."
ID_WZHQK,"Summary: Clinical case as described
IMMEDIATE MANAGEMENT: Appropriate clinical management as indicated
SURGICAL PLAN: Surgical consultation as needed Continue supportive care and monitor patient progress."
ID_ZHSMO,"Summary: Clinical case as described
ASSESSMENT: Pediatric assessment required
MANAGEMENT: Appropriate clinical management as indicated Continue supportive care and monitor patient progress."
ID_RKTZL,"Summary: Clinical case as described
ASSESSMENT: Further evaluation needed
MANAGEMENT: Appropriate clinical management as indicated Continue supportive care and monitor patient progress."
ID_PGEOO,"Summary: Clinical case as described
ASSESSMENT: Further evaluation needed
MANAGEMENT: Appropriate clinical management as indicated Continue supportive care and monitor patient progress."
ID_VTRFF,"Summary: Clinical case as described
DIAGNOSIS: Further evaluation needed
MANAGEMENT: Immediate medical attention required Continue supportive care and monitor patient progress."
ID_CWEIL,"Summary: Clinical case as described
ASSESSMENT: Pediatric assessment required
MANAGEMENT: Appropriate clinical management as indicated Continue supportive care and monitor patient progress."
ID_WLSXB,"Summary: Clinical case as described
DIAGNOSIS: Further evaluation needed
MANAGEMENT: Appropriate clinical management as indicated Continue supportive care and monitor patient progress."
ID_VOVAB,"Summary: Clinical case as described
DIAGNOSIS: Further evaluation needed
MANAGEMENT: Appropriate clinical management as indicated Continue supportive care and monitor patient progress."
ID_XTMGG,"Summary: Clinical case as described
ASSESSMENT: Pediatric assessment required
MANAGEMENT: Appropriate clinical management as indicated Continue supportive care and monitor patient progress."
ID_ZHZRH,"Summary: Clinical case as described
ASSESSMENT: Pediatric assessment required
MANAGEMENT: Appropriate clinical management as indicated Continue supportive care and monitor patient progress."
ID_MVXJK,"Summary: Clinical case as described
DIAGNOSIS: Further evaluation needed
MANAGEMENT: Appropriate clinical management as indicated Continue supportive care and monitor patient progress."
ID_OPCIZ,"Summary: Clinical case as described
ASSESSMENT: Pediatric assessment required
MANAGEMENT: Appropriate clinical management as indicated Continue supportive care and monitor patient progress."
ID_LACGV,"Summary: Clinical case as described
DIAGNOSIS: Further evaluation needed
MANAGEMENT: Appropriate clinical management as indicated Continue supportive care and monitor patient progress."
ID_SCOBO,"Summary: Clinical case as described
DIAGNOSIS: Further evaluation needed
MANAGEMENT: Appropriate clinical management as indicated Continue supportive care and monitor patient progress."
ID_WQREZ,"Summary: Clinical case as described
ASSESSMENT: Further evaluation needed
MANAGEMENT: Immediate medical attention required Continue supportive care and monitor patient progress."
ID_KYWMF,"Summary: Clinical case as described
IMMEDIATE MANAGEMENT: Appropriate clinical management as indicated
SURGICAL PLAN: Surgical consultation as needed Continue supportive care and monitor patient progress."
ID_MURHB,"Summary: Clinical case as described
IMMEDIATE ACTIONS: Appropriate clinical management as indicated
MONITORING: Continue monitoring patient status Continue supportive care and monitor patient progress."
ID_MLUOW,"Summary: Clinical case as described
ASSESSMENT: Pediatric assessment required
MANAGEMENT: Immediate medical attention required Continue supportive care and monitor patient progress."
ID_AYCAI,"Summary: Clinical case as described
IMMEDIATE MANAGEMENT: Appropriate clinical management as indicated
SURGICAL PLAN: Surgical consultation as needed Continue supportive care and monitor patient progress."
ID_CLEYN,"Summary: Clinical case as described
DIAGNOSIS: Further evaluation needed
MANAGEMENT: Appropriate clinical management as indicated Continue supportive care and monitor patient progress."
ID_BRIIW,"Summary: Clinical case as described
DIAGNOSIS: Further evaluation needed
PLAN: Appropriate clinical management as indicated Continue supportive care and monitor patient progress."
ID_SNZBL,"Summary: Clinical case as described
IMMEDIATE MANAGEMENT: Immediate medical attention required
SURGICAL PLAN: Surgical consultation as needed Continue supportive care and monitor patient progress."
ID_KXLGG,"Summary: Clinical case as described
DIAGNOSIS: Further evaluation needed
MANAGEMENT: Appropriate clinical management as indicated Continue supportive care and monitor patient progress."
